blk.2.ffn_gate_exps.weight	10	5120	2304	384	1	9844035264	1486356480	/media/sergei/WW2T/models/smalinin/DeepSeek-V4.1-Flash-New/DeepSeek-V4.1-Flash-Protected-Q2_K-Q8_0_Engram-imatrix/DeepSeek-V4.1-Flash-Protected-Q2_K-Q8_0_Engram-imatrix-00001-of-00010.gguf
blk.2.ffn_down_exps.weight	11	2304	5120	384	1	11330391744	1946419200	/media/sergei/WW2T/models/smalinin/DeepSeek-V4.1-Flash-New/DeepSeek-V4.1-Flash-Protected-Q2_K-Q8_0_Engram-imatrix/DeepSeek-V4.1-Flash-Protected-Q2_K-Q8_0_Engram-imatrix-00001-of-00010.gguf
blk.2.ffn_up_exps.weight	10	5120	2304	384	1	13276810944	1486356480	/media/sergei/WW2T/models/smalinin/DeepSeek-V4.1-Flash-New/DeepSeek-V4.1-Flash-Protected-Q2_K-Q8_0_Engram-imatrix/DeepSeek-V4.1-Flash-Protected-Q2_K-Q8_0_Engram-imatrix-00001-of-00010.gguf
blk.2.exp_probs_b.bias	0	384	1	1	1	1719648192	1536	/media/sergei/WW2T/models/smalinin/DeepSeek-V4.1-Flash-New/DeepSeek-V4.1-Flash-Protected-Q2_K-Q8_0_Engram-imatrix/DeepSeek-V4.1-Flash-Protected-Q2_K-Q8_0_Engram-imatrix-00010-of-00010.gguf
blk.2.exp_probs_b_vl.bias	0	384	1	1	1	1719649728	1536	/media/sergei/WW2T/models/smalinin/DeepSeek-V4.1-Flash-New/DeepSeek-V4.1-Flash-Protected-Q2_K-Q8_0_Engram-imatrix/DeepSeek-V4.1-Flash-Protected-Q2_K-Q8_0_Engram-imatrix-00010-of-00010.gguf
blk.2.ffn_gate_inp.weight	30	5120	384	1	1	1719651264	3932160	/media/sergei/WW2T/models/smalinin/DeepSeek-V4.1-Flash-New/DeepSeek-V4.1-Flash-Protected-Q2_K-Q8_0_Engram-imatrix/DeepSeek-V4.1-Flash-Protected-Q2_K-Q8_0_Engram-imatrix-00010-of-00010.gguf
blk.2.ffn_gate_shexp.weight	13	5120	2304	1	1	1723583424	8110080	/media/sergei/WW2T/models/smalinin/DeepSeek-V4.1-Flash-New/DeepSeek-V4.1-Flash-Protected-Q2_K-Q8_0_Engram-imatrix/DeepSeek-V4.1-Flash-Protected-Q2_K-Q8_0_Engram-imatrix-00010-of-00010.gguf
blk.2.ffn_down_shexp.weight	14	2304	5120	1	1	1731693504	9676800	/media/sergei/WW2T/models/smalinin/DeepSeek-V4.1-Flash-New/DeepSeek-V4.1-Flash-Protected-Q2_K-Q8_0_Engram-imatrix/DeepSeek-V4.1-Flash-Protected-Q2_K-Q8_0_Engram-imatrix-00010-of-00010.gguf
blk.2.ffn_up_shexp.weight	13	5120	2304	1	1	1741370304	8110080	/media/sergei/WW2T/models/smalinin/DeepSeek-V4.1-Flash-New/DeepSeek-V4.1-Flash-Protected-Q2_K-Q8_0_Engram-imatrix/DeepSeek-V4.1-Flash-Protected-Q2_K-Q8_0_Engram-imatrix-00010-of-00010.gguf
blk.2.ffn_norm.weight	0	5120	1	1	1	1749480384	20480	/media/sergei/WW2T/models/smalinin/DeepSeek-V4.1-Flash-New/DeepSeek-V4.1-Flash-Protected-Q2_K-Q8_0_Engram-imatrix/DeepSeek-V4.1-Flash-Protected-Q2_K-Q8_0_Engram-imatrix-00010-of-00010.gguf
